<?xml version="1.0" encoding="UTF-8"?>
<project-private xmlns="http://www.netbeans.org/ns/project-private/1">
    <editor-bookmarks xmlns="http://www.netbeans.org/ns/editor-bookmarks/2" lastBookmarkId="0"/>
    <open-files xmlns="http://www.netbeans.org/ns/projectui-open-files/2">
        <group>
            <file>file:/C:/Users/User/OneDrive/MIT/term3/COIT20257_2201_Distributed%20Systems%20Principles%20and%20Development/Worker/src/GUI.java</file>
            <file>file:/C:/Users/User/OneDrive/MIT/term3/COIT20257_2201_Distributed%20Systems%20Principles%20and%20Development/Worker/src/Contract/TaskList.java</file>
            <file>file:/C:/Users/User/OneDrive/MIT/term3/COIT20257_2201_Distributed%20Systems%20Principles%20and%20Development/Worker/src/Contract/Task.java</file>
            <file>file:/C:/Users/User/OneDrive/MIT/term3/COIT20257_2201_Distributed%20Systems%20Principles%20and%20Development/Worker/src/Worker.java</file>
            <file>file:/C:/Users/User/OneDrive/MIT/term3/COIT20257_2201_Distributed%20Systems%20Principles%20and%20Development/Worker/src/Contract/TaskObject.java</file>
        </group>
    </open-files>
</project-private>
